评论人,时间,内容
dollydowsie,2019-05-22,"Be as happy as a Beau with a Bakewell bun 90 I really want to photograph other people. I really want to make it part of my job. Being self-employed is tough & I feel like the more strings I add to my bow (no pun intended 98) the better chance I might have at succeeding 98 The problem is though, I’m quite shy & socially awkward 08 Would love to give it a go though. Anyone want a picture?! 929808 . . . #happychild #happychildren #vsconature #fairytale #may #maychild #livegreen #classickids #vintagekids #raisingragamuffins #thesweetlifeunscripted #treasuringlittlememories #atdiff_kids #jj_its_kids #aseasonalyear #heitermoments #simplebeautyseeker #thebeautyinsummer #the_gentle_manifesto #gingerbaby #gingermagazine #redheadsofinstagram #minilamode #peterrabbit #nestandflourish #rural_love #igcountryside #ig_countryside #cakesofinstagram #candidchildhood"
dollydowsie,2019-05-21,"Life with boys... words that immediately spring to mind are loud, messy, chaotic, lively, tiring, trying... but amongst all this liveliness & mess (cause there’s loads of mess! 08) are the beautiful moments that make me glad they gave each other to call brother 97 I’m glad of the very rare quiet moments where they sit & look at books, have little cuddles & think this teepee (which never stays up 04) is the best thing on Earth! 92 No matter how crap the day, they always end with a book & what a lovely way to end a day 98 With imagination & places we could only dream of 97 On a side note: I must really love Tyler to allow his Fireman Sam pyjamas on my curated Instagram gallery 9808 The boys slippers (the only ones they’ll keep on!) we’re gifted by @mocciscouk Beau’s are Sky Blue & Tyler’s are Wolfie 92 . . . #standstillmychild #brotherlylove #siblingslove #childrensbooks #letthekids #teepee #teepeetent #imaginativeplay #boymum #raisingragamuffins #raisingboys #boymama #peterrabbit #getchildrenreading #bookstagram #bookstagrammers #bookloversofinstagram #childrensbook #childrensbookstagram #littledarlings #littlecornersofmyhome #storytime #winniethepooh #bookobsessed #curlyhairedboy #moccis #ipbig #irishparentingblogger"
gmtasarim16,2019-05-29,Peter Rabbit 0503nar Ayakl03 Maketimiz 9294 61 9799 Detayl03 ayakl03 maketimizi g02rmek i04in sola kayd03r03n03z 61 98 Minik tav06an03m03z03 istedi06iniz renklerde yap03labiliriz.. 61 61 61 61 61 #ayakl03maket #peterrabbit #tav06ankonsepti #ki06iye02zelhediye #konsepttasarim #bebekhazirliklari #do06umgünü #1ya06do06umgünü #2ya06do06umgünü #bebekodas03dekorasyonu #ki06iye02zeltasar03m #organizasyon #bursa #tasar03mbask03 #dijitalbask03 #bebekhaz03rl03klar03 #hastane0403k030603 #hastaneodas03 #like4likes #minniemouseparty #like4follow #followforfollowback #followers #anne #bebek
gregoryhergert,2019-05-29,Peter Rabbit 2016 the painting I’m working on nearly killed me today and in those moments I want to go on an adventure but I stuck with it and now I may have a good one #painting #peterrabbit #journey #perserverance #portlandartist #pdxartist #popsurrealism #illustration #gregoryhergert
gogolesya,2019-05-29,#soon #lupin #мини #миниатюра #вышивка #rabbit #люпины #тысячелистник #embroidery @gogolesya #artcollector #handmadetoy #collectibles #teddybunny #artdoll #art #lesyagogol #teddybear #ooak #peterrabbit #handmade #art #art96
velichkoelena,2019-05-29,Питер 93 нашел #аленкиныигрушки62 # Sold
threetree37,2019-05-29,ブランちゃんママ92@kaori_5973 さんより#ペタ`ンな寝姿バトン いただきました(*0707`*)79 2423 *797814・0705∴∵∴ 2423 ∴∵∴ 2423 ∴∵∴ 2423 ∴∵*797814・0705 以前ポストした写真も使用してます7814.* ラテ6745020906*は、あまりペタ`ンしてくれないので、ちゃんとペタ`ンになっているか…91 でも、3ぴょん92のリラックス姿をみてると、思わずニンマリ(￣幔)しちゃいます78 タグ付けさせてきましたが、もしおrgありましたら、可郅いΔ92たちの7814.*ペタ`ン7814.*写真自慢して下さい(*0707`*)79 ☆。.:＊99b☆。.:＊99b☆。.:＊99b b #うさぎのいる生活 #うさぎのいる暮らし #うさぎ好きさんとがりたい #タイニ`ラビット #ふわもこ部 #ピ`タ`ラビット #ネザ`ランドドワ`フ #ホ`ランドロップ #うさんぽ #うさぎハ`ネス #rabbistagram #rabbit #cuterabbits #love #peterrabbit #cute
gogolesya,2019-05-28,#soon #embroidery #мухомор @gogolesya #artcollector #handmadetoy #collectibles #teddybunny #artdoll #art #lesyagogol #teddybear #ooak #peterrabbit #handmade #art #art96#ooak #ooaktoy
gogolesya,2019-05-29,#soon #luffy night #butterfly #ночноймотылёк #embroidery #lace мини #миниатюра #вышивка #rabbit @gogolesya #artcollector #handmadetoy #collectibles #teddybunny #artdoll #art #lesyagogol #teddybear #ooak #peterrabbit #handmade #art #art96#ooak #ooaktoy #ooakteddy
